{
  "logistic_regression": 1.024563717661818,
  "naive_bayes": 1.064622140239021,
  "random_forest": 0.9998054998395692,
  "svm": 0.9986730501052904,
  "svm_tuned": 0.955915796044677,
  "xgboost": 0.9564197961096246
}